Time,Tumor Volume
0,3.65
7,152.577005
11,244.5510422
14,521.730883
15,593.5915596
16,717.7871798
18,950.6784522
19,1445.244443
