Time,Tumor Volume
0, 3.65
6, 34.630716822498016
7, 59.02007682829617
9, 213.61165470754577
11, 618.6417337102275
13, 1309.1324200913248
