Time,Tumor Volume
0, 3.65
6, 34.630716822498016
7, 59.02007682829617
9, 213.61165470754577
11, 378.24164673479754
13, 592.9477422628111
14, 952.8665651953334
16, 1798.6373849387558
