Time,Tumor Volume
0,3.65
7,148.5460855
11,321.0457298
14,807.555036
15,1137.06982
16,1426.321801
