Time,Tumor Volume
0,3.65
7,148.5512401
11,731.6789038
14,1632.841994
