Time,Tumor Volume
0, 3.65
6, 34.630716822498016
7, 59.02007682829617
9, 213.61165470754577
11, 378.24164673479754
14, 722.5121403203602
16, 1022.345437413931
18, 1808.0017395085897
